joint_0,joint_1,joint_2,joint_3,joint_4,joint_5,joint_6,joint_7,joint_vel_0,joint_vel_1,joint_vel_2,joint_vel_3,joint_vel_4,joint_vel_5,prev_a_0,prev_a_1,prev_a_2,prev_a_3,prev_a_4,prev_a_5,prev_a_6,target_obs_pos_0,target_obs_pos_1,target_obs_pos_2,target_width,current_tcp_0,current_tcp_1,current_tcp_2,current_tcp_3,current_tcp_4,current_tcp_5,current_tcp_6,goal_pos_0,goal_pos_1,goal_pos_2,action_0,action_1,action_2,action_3,action_4,action_5,action_6
1.789093039405998e-05, 3.2854080927791074e-05, 6.246566954359878e-06, 3.270685192546807e-05, 1.8649101548362523e-05, 3.3345222618663684e-05, 0.03999999910593033, 0.03999999910593033, 0.0, 0.0, -0.0, -0.0, -0.0, 0.0, 0.0, 0.0, 0.0, 0.0, 0.0, 0.0, 0.0, 0.7590588331222534, -0.009693607687950134, 0.2549000084400177, 0.05971299856901169, 0.3814268708229065, 0.1338273137807846, 0.40540364384651184, 0.9248729944229126, 0.3802747428417206, 0.0007062458898872137, 0.0007288113702088594, 0.7478200197219849, -0.1724800020456314, 0.25494998693466187,-0.06163870170712471,0.0868505984544754,-0.05971362069249153,-0.10567446798086166,-0.03874966874718666,0.06582695245742798,3.1825103759765625
-0.005385224241763353, 0.007835340686142445, -0.0052332403138279915, -0.00967510137706995, -0.0033952665980905294, 0.005967523902654648, 0.03999999910593033, 0.03999999910593033, -0.16051970422267914, 0.22933922708034515, -0.15196755528450012, -0.28103265166282654, -0.1037033274769783, 0.1759767383337021, 0.0, 0.0, 0.0, 0.0, 0.0, 0.0, 0.0, 0.7582000494003296, -0.009672592394053936, 0.2549000084400177, 0.05971299856901169, 0.38526037335395813, 0.13270390033721924, 0.4079473912715912, 0.9238003492355347, 0.3828624486923218, -0.002767602214589715, 0.001256459392607212, 0.7478200197219849, -0.1724800020456314, 0.25494998693466187,-0.06407393515110016,0.08979769051074982,-0.060251954942941666,-0.10000444203615189,-0.05335647240281105,0.05742219462990761,4.689765453338623
-0.027850929647684097, 0.03945155069231987, -0.026624154299497604, -0.04722268879413605, -0.018816418945789337, 0.0290200375020504, 0.03999999910593033, 0.03999999910593033, -0.22602160274982452, 0.3160545825958252, -0.21581202745437622, -0.36049655079841614, -0.17967133224010468, 0.2087029218673706, -0.10000000149011612, 0.10000000149011612, -0.10000000149011612, -0.10000000149011612, -0.07749933749437332, 0.10000000149011612, 0.10000000149011612, 0.7590510249137878, -0.009107557125389576, 0.2549000084400177, 0.05971299856901169, 0.401735782623291, 0.1273648589849472, 0.417953759431839, 0.9193453788757324, 0.3930935561656952, -0.016442513093352318, 0.0033405448775738478, 0.7478200197219849, -0.1724800020456314, 0.25494998693466187,-0.05177364870905876,0.06905502825975418,-0.06212304159998894,-0.07570607215166092,-0.012886974960565567,0.14987337589263916,3.0709571838378906
-0.0479624904692173, 0.06702323257923126, -0.0470547191798687, -0.07772739231586456, -0.033023424446582794, 0.05601605400443077, 0.03999999910593033, 0.03999999910593033, -0.1753368228673935, 0.23908890783786774, -0.19848498702049255, -0.2563103437423706, -0.07089614868164062, 0.4296463429927826, -0.10000000149011612, 0.10000000149011612, -0.10000000149011612, -0.10000000149011612, -0.10000000149011612, 0.10000000149011612, 0.10000000149011612, 0.7603082060813904, -0.00888318195939064, 0.2549000084400177, 0.05971299856901169, 0.4162209630012512, 0.12214649468660355, 0.4273643493652344, 0.9141084551811218, 0.40443775057792664, -0.028326749801635742, 0.0057812887243926525, 0.7478200197219849, -0.1724800020456314, 0.25494998693466187,-0.04651676118373871,0.07061690837144852,-0.06339526176452637,-0.05755716189742088,-0.006637826561927795,0.15450292825698853,2.4653921127319336
-0.06380922347307205, 0.08910413086414337, -0.06724114716053009, -0.09999330341815948, -0.03537900000810623, 0.10797306895256042, 0.03999999910593033, 0.03999999910593033, -0.1510263979434967, 0.21789118647575378, -0.2024747133255005, -0.18787123262882233, -0.01340390183031559, 0.512460470199585, -0.10000000149011612, 0.10000000149011612, -0.10000000149011612, -0.10000000149011612, -0.025773949921131134, 0.10000000149011612, 0.10000000149011612, 0.76139235496521, -0.00900421105325222, 0.2549000084400177, 0.05971299856901169, 0.42779794335365295, 0.11547213047742844, 0.43651074171066284, 0.9032876491546631, 0.4271186590194702, -0.04022486135363579, 0.004794799257069826, 0.7478200197219849, -0.1724800020456314, 0.25494998693466187,-0.04178426042199135,0.0725688487291336,-0.06279802322387695,-0.04920339956879616,-0.011636070907115936,0.15563416481018066,2.2066574096679688
-0.07797462493181229, 0.11172814667224884, -0.08706612884998322, -0.11657686531543732, -0.03771812468767166, 0.15732929110527039, 0.03999999910593033, 0.03999999910593033, -0.13721424341201782, 0.23647628724575043, -0.20803840458393097, -0.16588498651981354, -0.03416720777750015, 0.5000311136245728, -0.09303352236747742, 0.10000000149011612, -0.10000000149011612, -0.10000000149011612, -0.01327565312385559, 0.10000000149011612, 0.10000000149011612, 0.7622050046920776, -0.008773522451519966, 0.2549000084400177, 0.05971299856901169, 0.438769668340683, 0.10921958833932877, 0.4437609016895294, 0.892466127872467, 0.44843533635139465, -0.04895605519413948, 0.0036474422086030245, 0.7478200197219849, -0.1724800020456314, 0.25494998693466187,-0.039478860795497894,0.07159794121980667,-0.06092354282736778,-0.04288127273321152,-0.015391197055578232,0.15319399535655975,2.280546188354492
-0.09152538329362869, 0.13577647507190704, -0.1083335429430008, -0.13243623077869415, -0.04211098700761795, 0.2084996998310089, 0.03999999910593033, 0.03999999910593033, -0.13079200685024261, 0.23956666886806488, -0.20020447671413422, -0.1436547040939331, -0.0521843321621418, 0.5157269239425659, -0.0835685208439827, 0.10000000149011612, -0.10000000149011612, -0.09840679913759232, -0.023272141814231873, 0.10000000149011612, 0.10000000149011612, 0.7637388110160828, -0.008153706789016724, 0.2549000084400177, 0.05971299856901169, 0.45011085271835327, 0.10343951731920242, 0.45085957646369934, 0.8807185888290405, 0.47021424770355225, -0.05672145262360573, 0.004005745053291321, 0.7478200197219849, -0.1724800020456314, 0.25494998693466187,-0.0374549962580204,0.0699181780219078,-0.05910931155085564,-0.03474881872534752,-0.018199805170297623,0.14787618815898895,2.330711841583252
-0.10441381484270096, 0.1592816859483719, -0.12779565155506134, -0.14546866714954376, -0.04755217581987381, 0.2588362395763397, 0.03999999910593033, 0.03999999910593033, -0.12380984425544739, 0.22751270234584808, -0.2009819895029068, -0.11964839696884155, -0.05849743261933327, 0.4845772087574005, -0.07895772159099579, 0.10000000149011612, -0.10000000149011612, -0.08576254546642303, -0.030782394111156464, 0.10000000149011612, 0.10000000149011612, 0.7634567618370056, -0.00831750500947237, 0.2549000084400177, 0.05971299856901169, 0.46090903878211975, 0.09792383760213852, 0.4560515284538269, 0.8686819672584534, 0.4914228916168213, -0.06226017698645592, 0.004346732050180435, 0.7478200197219849, -0.1724800020456314, 0.25494998693466187,-0.03489569574594498,0.06808573007583618,-0.05755285546183586,-0.026291055604815483,-0.01948220655322075,0.1443546712398529,2.2957282066345215
-0.11644203215837479, 0.1822022944688797, -0.14706940948963165, -0.15606172382831573, -0.053822942078113556, 0.30709514021873474, 0.03999999910593033, 0.03999999910593033, -0.11791357398033142, 0.22705747187137604, -0.19345445930957794, -0.09328414499759674, -0.06343305110931396, 0.4799954295158386, -0.0749099925160408, 0.10000000149011612, -0.10000000149011612, -0.06949763745069504, -0.036399610340595245, 0.10000000149011612, 0.10000000149011612, 0.7622839212417603, -0.00846885796636343, 0.2549000084400177, 0.05971299856901169, 0.4712847173213959, 0.0928095206618309, 0.4606821537017822, 0.856757402420044, 0.5113837122917175, -0.06653351336717606, 0.005169358570128679, 0.7478200197219849, -0.1724800020456314, 0.25494998693466187,-0.0328792966902256,0.0661272183060646,-0.055863168090581894,-0.02003873884677887,-0.02197035774588585,0.13799145817756653,2.366154670715332
-0.127704918384552, 0.2044416218996048, -0.16635699570178986, -0.16396041214466095, -0.060492344200611115, 0.35415300726890564, 0.03999999910593033, 0.03999999910593033, -0.10926823318004608, 0.21794137358665466, -0.1815555840730667, -0.06746436655521393, -0.0706453025341034, 0.4572228193283081, -0.06979139149188995, 0.10000000149011612, -0.10000000149011612, -0.052582111209630966, -0.0389644131064415, 0.10000000149011612, 0.10000000149011612, 0.7638101577758789, -0.007880895398557186, 0.2549000084400177, 0.05971299856901169, 0.48123353719711304, 0.08792860805988312, 0.4647907614707947, 0.8446841239929199, 0.5306710600852966, -0.06971089541912079, 0.006110259331762791, 0.7478200197219849, -0.1724800020456314, 0.25494998693466187,-0.030930185690522194,0.06412467360496521,-0.053991664201021194,-0.014772647060453892,-0.02409941330552101,0.13009947538375854,2.4197158813476562
-0.13836270570755005, 0.22602088749408722, -0.18409009277820587, -0.16993267834186554, -0.0679895356297493, 0.3988438546657562, 0.03999999910593033, 0.03999999910593033, -0.10274787247180939, 0.2140013426542282, -0.18487048149108887, -0.04989470914006233, -0.0801657885313034, 0.4375688433647156, -0.0657585933804512, 0.10000000149011612, -0.10000000149011612, -0.04007747769355774, -0.0439407154917717, 0.10000000149011612, 0.10000000149011612, 0.7652810215950012, -0.0071615250781178474, 0.2549000084400177, 0.05971299856901169, 0.49065861105918884, 0.08340316265821457, 0.4674904942512512, 0.8329061269760132, 0.548762321472168, -0.07127204537391663, 0.006898422725498676, 0.7478200197219849, -0.1724800020456314, 0.25494998693466187,-0.029052039608359337,0.06257616728544235,-0.05287274345755577,-0.009434676729142666,-0.025656040757894516,0.12253765016794205,2.499671459197998
-0.1483352780342102, 0.24711711704730988, -0.20222599804401398, -0.17415685951709747, -0.07613212615251541, 0.4410000741481781, 0.03999999910593033, 0.03999999910593033, -0.09610127657651901, 0.2058359980583191, -0.17295753955841064, -0.033533401787281036, -0.08566869795322418, 0.40504923462867737, -0.06186037138104439, 0.10000000149011612, -0.10000000149011612, -0.029545294120907784, -0.04819882661104202, 0.10000000149011612, 0.10000000149011612, 0.764752984046936, -0.007791901007294655, 0.2549000084400177, 0.05971299856901169, 0.49984925985336304, 0.07923730462789536, 0.4701007902622223, 0.8214215636253357, 0.5656892657279968, -0.07209810614585876, 0.008005100302398205, 0.7478200197219849, -0.1724800020456314, 0.25494998693466187,-0.027073422446846962,0.05977652221918106,-0.051085297018289566,-0.004970948211848736,-0.02594498172402382,0.11558772623538971,2.5513057708740234
-0.1577022671699524, 0.26748090982437134, -0.219106987118721, -0.17668838798999786, -0.08471054583787918, 0.4806637465953827, 0.03999999910593033, 0.03999999910593033, -0.09103848785161972, 0.20071101188659668, -0.1734137386083603, -0.01871827058494091, -0.08445994555950165, 0.38395220041275024, -0.058104079216718674, 0.10000000149011612, -0.10000000149011612, -0.01886935345828533, -0.05131208151578903, 0.10000000149011612, 0.10000000149011612, 0.7654354572296143, -0.007061431184411049, 0.2549000084400177, 0.05971299856901169, 0.5085840821266174, 0.07533007860183716, 0.47159603238105774, 0.8103589415550232, 0.5814620852470398, -0.07171691954135895, 0.008767692372202873, 0.7478200197219849, -0.1724800020456314, 0.25494998693466187,-0.025313561782240868,0.058010175824165344,-0.050157468765974045,-0.0010121939703822136,-0.026873502880334854,0.10706504434347153,2.6492273807525635
-0.16645461320877075, 0.28687530755996704, -0.2361939698457718, -0.17778737843036652, -0.09342474490404129, 0.5177363753318787, 0.03999999910593033, 0.03999999910593033, -0.08380413800477982, 0.19220176339149475, -0.16434846818447113, -0.0030704636592417955, -0.08637870103120804, 0.3645513653755188, -0.054146844893693924, 0.10000000149011612, -0.10000000149011612, -0.009941896423697472, -0.05188996344804764, 0.10000000149011612, 0.10000000149011612, 0.7667248249053955, -0.0064013004302978516, 0.2549000084400177, 0.05971299856901169, 0.5168953537940979, 0.07166038453578949, 0.4732248783111572, 0.7997539639472961, 0.5960316061973572, -0.07104131579399109, 0.009643291123211384, 0.7478200197219849, -0.1724800020456314, 0.25494998693466187,-0.023608405143022537,0.055798135697841644,-0.04882052540779114,0.0019799983128905296,-0.02723122015595436,0.09833370894193649,2.7280545234680176
-0.17463284730911255, 0.3059588074684143, -0.25234729051589966, -0.17780311405658722, -0.1023230031132698, 0.5519729256629944, 0.03999999910593033, 0.03999999910593033, -0.07813167572021484, 0.18352021276950836, -0.16483312845230103, 0.0037639779038727283, -0.09074771404266357, 0.33461764454841614, -0.050627123564481735, 0.10000000149011612, -0.10000000149011612, -0.002024387940764427, -0.05374700576066971, 0.10000000149011612, 0.10000000149011612, 0.769526481628418, -0.005495346151292324, 0.2549000084400177, 0.05971299856901169, 0.5249212384223938, 0.0682830959558487, 0.4739702641963959, 0.7896335124969482, 0.609549880027771, -0.06944923847913742, 0.010229730047285557, 0.7478200197219849, -0.1724800020456314, 0.25494998693466187,-0.02205067314207554,0.05391622334718704,-0.047943562269210815,0.004849978722631931,-0.027204010635614395,0.08993321657180786,2.823028802871704
-0.18214541673660278, 0.3240523934364319, -0.2684996724128723, -0.17686934769153595, -0.11129958182573318, 0.5836678147315979, 0.03999999910593033, 0.03999999910593033, -0.07439855486154556, 0.1810644418001175, -0.1567637324333191, 0.01669212616980076, -0.09190920740365982, 0.30609777569770813, -0.047216810286045074, 0.10000000149011612, -0.09764105081558228, 0.003959996625781059, -0.05446244031190872, 0.10000000149011612, 0.10000000149011612, 0.7715696096420288, -0.005211672279983759, 0.2549000084400177, 0.05971299856901169, 0.5325530171394348, 0.06514881551265717, 0.47481468319892883, 0.7801909446716309, 0.6217784881591797, -0.06764081120491028, 0.010874724946916103, 0.7478200197219849, -0.1724800020456314, 0.25494998693466187,-0.02072874829173088,0.05152564495801926,-0.046899765729904175,0.006378657184541225,-0.02703440561890602,0.08137214183807373,2.9516968727111816
-0.18940192461013794, 0.3416457772254944, -0.2841408848762512, -0.17504556477069855, -0.12038428336381912, 0.6122660040855408, 0.03999999910593033, 0.03999999910593033, -0.06920496374368668, 0.17069606482982635, -0.15673671662807465, 0.02111709862947464, -0.08919700980186462, 0.278243750333786, -0.04410134628415108, 0.10000000149011612, -0.09588712453842163, 0.009699957445263863, -0.05440802127122879, 0.10000000149011612, 0.10000000149011612, 0.7769445776939392, -0.00341974850744009, 0.2549000084400177, 0.05971299856901169, 0.5398916006088257, 0.062167923897504807, 0.4752160310745239, 0.7714030742645264, 0.6328794360160828, -0.06537774205207825, 0.01125552598387003, 0.7478200197219849, -0.1724800020456314, 0.25494998693466187,-0.01940762996673584,0.050002261996269226,-0.046241313219070435,0.008458114229142666,-0.02637587860226631,0.0725928544998169,3.0436882972717285
-0.19601422548294067, 0.35824161767959595, -0.2994149327278137, -0.17267830669879913, -0.12908166646957397, 0.637798011302948, 0.03999999910593033, 0.03999999910593033, -0.06190891191363335, 0.15717770159244537, -0.1442074328660965, 0.027178693562746048, -0.08583333343267441, 0.23219312727451324, -0.04145749658346176, 0.10000000149011612, -0.09379953145980835, 0.01275731436908245, -0.05406881123781204, 0.10000000149011612, 0.10000000149011612, 0.7795519232749939, -0.0025272874627262354, 0.2549000084400177, 0.05971299856901169, 0.5468062162399292, 0.05944429337978363, 0.47575488686561584, 0.7634217739105225, 0.6427015662193298, -0.06312703341245651, 0.011699790135025978, 0.7478200197219849, -0.1724800020456314, 0.25494998693466187,-0.018037188798189163,0.047257378697395325,-0.04474850371479988,0.009908950887620449,-0.02433934435248375,0.06567249447107315,3.0874831676483154
-0.20191651582717896, 0.3738003373146057, -0.31373196840286255, -0.1698126345872879, -0.13720232248306274, 0.6599124073982239, 0.03999999910593033, 0.03999999910593033, -0.059136368334293365, 0.15346550941467285, -0.14754092693328857, 0.033548545092344284, -0.079811230301857, 0.211456298828125, -0.03881525993347168, 0.10000000149011612, -0.09248262643814087, 0.01691622845828533, -0.05275175720453262, 0.10000000149011612, 0.10000000149011612, 0.7805893421173096, -0.0021416018716990948, 0.2549000084400177, 0.05971299856901169, 0.5532112121582031, 0.056850068271160126, 0.47585201263427734, 0.756409227848053, 0.6511700749397278, -0.06070360913872719, 0.011731434613466263, 0.7478200197219849, -0.1724800020456314, 0.25494998693466187,-0.017074165865778923,0.04584027826786041,-0.044458258897066116,0.011056880466639996,-0.024004165083169937,0.05863622948527336,3.198302984237671
-0.2077963948249817, 0.38934141397476196, -0.32870179414749146, -0.16636522114276886, -0.1452389359474182, 0.6807379126548767, 0.03999999910593033, 0.03999999910593033, -0.05520936846733093, 0.151983380317688, -0.1444491147994995, 0.03612031415104866, -0.07945206016302109, 0.20101192593574524, -0.036074377596378326, 0.09451475739479065, -0.08949700742959976, 0.019817901775240898, -0.0486786887049675, 0.10000000149011612, 0.10000000149011612, 0.7814714908599854, -0.0016956309555098414, 0.2549000084400177, 0.05971299856901169, 0.5596182346343994, 0.054280832409858704, 0.4763556122779846, 0.7496961951255798, 0.6590936183929443, -0.05839577317237854, 0.011879092082381248, 0.7478200197219849, -0.1724800020456314, 0.25494998693466187,-0.016488835215568542,0.04415109008550644,-0.043928470462560654,0.011450785212218761,-0.023501727730035782,0.04996652156114578,3.3538429737091064
-0.21329337358474731, 0.40432125329971313, -0.34299927949905396, -0.16260690987110138, -0.1530703902244568, 0.6991295218467712, 0.03999999910593033, 0.03999999910593033, -0.0558728463947773, 0.14586766064167023, -0.15114088356494904, 0.03624813258647919, -0.07631807774305344, 0.1682538390159607, -0.034148331731557846, 0.09168055653572083, -0.08891651779413223, 0.02211376093327999, -0.048008330166339874, 0.10000000149011612, 0.10000000149011612, 0.7816286683082581, -0.0017070231260731816, 0.2549000084400177, 0.05971299856901169, 0.5657460689544678, 0.051808081567287445, 0.4764000475406647, 0.7436301112174988, 0.6661527752876282, -0.0558309368789196, 0.011733288876712322, 0.7478200197219849, -0.1724800020456314, 0.25494998693466187,-0.015730075538158417,0.042525772005319595,-0.04363153129816055,0.013078569434583187,-0.022583570331335068,0.044036220759153366,3.4491307735443115
-0.21864920854568481, 0.4184566140174866, -0.3577273488044739, -0.15872366726398468, -0.1606491208076477, 0.7147439122200012, 0.03999999910593033, 0.03999999910593033, -0.050259798765182495, 0.13770022988319397, -0.13408328592777252, 0.03992971032857895, -0.07231264561414719, 0.13859203457832336, -0.032977670431137085, 0.08830218017101288, -0.08785694092512131, 0.022901570424437523, -0.047003455460071564, 0.09993304312229156, 0.10000000149011612, 0.779050886631012, -0.002735614776611328, 0.2549000084400177, 0.05971299856901169, 0.5716401934623718, 0.04936928302049637, 0.4769957959651947, 0.7384687066078186, 0.6720438599586487, -0.05369158834218979, 0.011757086962461472, 0.7478200197219849, -0.1724800020456314, 0.25494998693466187,-0.01490727812051773,0.03908523917198181,-0.04199076443910599,0.013520992361009121,-0.019978735595941544,0.039431504905223846,3.500147819519043
-0.2235139012336731, 0.43155723810195923, -0.3707898259162903, -0.15448959171772003, -0.1674700379371643, 0.727891743183136, 0.03999999910593033, 0.03999999910593033, -0.04913296550512314, 0.12783539295196533, -0.1402135044336319, 0.0440560057759285, -0.06584424525499344, 0.12901900708675385, -0.031460151076316833, 0.08505154401063919, -0.0872630625963211, 0.026157138869166374, -0.045167140662670135, 0.08807244151830673, 0.10000000149011612, 0.7764889001846313, -0.0035812838468700647, 0.2549000084400177, 0.05971299856901169, 0.5769776105880737, 0.04707177355885506, 0.47711414098739624, 0.7340417504310608, 0.6770598292350769, -0.05140909180045128, 0.01139155589044094, 0.7478200197219849, -0.1724800020456314, 0.25494998693466187,-0.014727141708135605,0.037671156227588654,-0.04144597426056862,0.015927471220493317,-0.01819009706377983,0.034646790474653244,3.542037010192871
-0.22848635911941528, 0.44426923990249634, -0.3852127194404602, -0.14977426826953888, -0.17397397756576538, 0.7404945492744446, 0.03999999910593033, 0.03999999910593033, -0.04959064722061157, 0.1268528252840042, -0.13595609366893768, 0.04944243282079697, -0.060953330248594284, 0.11957670748233795, -0.02981455624103546, 0.07817047834396362, -0.08398152887821198, 0.027041984722018242, -0.03995747119188309, 0.07886300981044769, 0.10000000149011612, 0.7759219408035278, -0.003686362411826849, 0.2549000084400177, 0.05971299856901169, 0.582265317440033, 0.044610098004341125, 0.47802022099494934, 0.7297939658164978, 0.6817662715911865, -0.0497041791677475, 0.011181270703673363, 0.7478200197219849, -0.1724800020456314, 0.25494998693466187,-0.014738181605935097,0.03586399927735329,-0.04071221128106117,0.016868527978658676,-0.016760338097810745,0.028371483087539673,3.6500210762023926
-0.23330050706863403, 0.4566674828529358, -0.39831143617630005, -0.14441938698291779, -0.17975777387619019, 0.7513344883918762, 0.03999999910593033, 0.03999999910593033, -0.04820800572633743, 0.11834076792001724, -0.13896243274211884, 0.05394972488284111, -0.055342886596918106, 0.09395352005958557, -0.02945428341627121, 0.07534231245517731, -0.08289194852113724, 0.03185494244098663, -0.03638019412755966, 0.06929358094930649, 0.10000000149011612, 0.7701401710510254, -0.0055283731780946255, 0.2549000084400177, 0.05971299856901169, 0.587264895439148, 0.04203762114048004, 0.4780868887901306, 0.7259960770606995, 0.6859716176986694, -0.04763336479663849, 0.010180458426475525, 0.7478200197219849, -0.1724800020456314, 0.25494998693466187,-0.01466391235589981,0.03364000469446182,-0.03967205062508583,0.018453799188137054,-0.01485363021492958,0.024750586599111557,3.681483268737793
-0.23812466859817505, 0.4681153893470764, -0.4120243191719055, -0.13861806690692902, -0.18504434823989868, 0.7600778937339783, 0.03999999910593033, 0.03999999910593033, -0.04861939325928688, 0.11315881460905075, -0.12901319563388824, 0.06071476265788078, -0.04867371916770935, 0.08372984826564789, -0.029476363211870193, 0.07172799855470657, -0.08142442256212234, 0.03373705595731735, -0.03352067619562149, 0.056742966175079346, 0.10000000149011612, 0.7689712643623352, -0.005941960494965315, 0.2549000084400177, 0.05971299856901169, 0.5919846296310425, 0.03935077413916588, 0.4788353145122528, 0.7229129672050476, 0.6893348693847656, -0.046135373413562775, 0.009260500781238079, 0.7478200197219849, -0.1724800020456314, 0.25494998693466187,-0.01449974998831749,0.031020348891615868,-0.03829720988869667,0.0193675197660923,-0.01255863532423973,0.021347587928175926,3.7143120765686035
-0.24292784929275513, 0.4789577126502991, -0.4248712658882141, -0.13234634697437286, -0.189738929271698, 0.7678895592689514, 0.03999999910593033, 0.03999999910593033, -0.04742314666509628, 0.1060427650809288, -0.12903596460819244, 0.06212080642580986, -0.04356549680233002, 0.07454880326986313, -0.02932782471179962, 0.06728000938892365, -0.07934410125017166, 0.03690759837627411, -0.02970726042985916, 0.049501173198223114, 0.10000000149011612, 0.7669982314109802, -0.0065930550917983055, 0.2549000084400177, 0.05971299856901169, 0.596354067325592, 0.03659258037805557, 0.47933229804039, 0.7201120853424072, 0.6923726797103882, -0.04467672109603882, 0.007914282381534576, 0.7478200197219849, -0.1724800020456314, 0.25494998693466187,-0.014434777200222015,0.029209421947598457,-0.03729325905442238,0.02046625316143036,-0.010974638164043427,0.017178669571876526,3.7474234104156494
-0.24762707948684692, 0.48893076181411743, -0.4370291829109192, -0.12585122883319855, -0.19359201192855835, 0.7743989825248718, 0.03999999910593033, 0.03999999910593033, -0.04707400128245354, 0.09351909905672073, -0.11980657279491425, 0.06321217119693756, -0.035594306886196136, 0.05705000087618828, -0.02899949997663498, 0.062040697783231735, -0.07659441977739334, 0.0387350395321846, -0.02511727064847946, 0.04269517585635185, 0.10000000149011612, 0.7668432593345642, -0.006690734066069126, 0.2549000084400177, 0.05971299856901169, 0.6003465056419373, 0.033769793808460236, 0.4797458052635193, 0.7176665663719177, 0.6950051784515381, -0.043396636843681335, 0.0062629543244838715, 0.7478200197219849, -0.1724800020456314, 0.25494998693466187,-0.014384409412741661,0.026867415755987167,-0.035643577575683594,0.020988184958696365,-0.00914798304438591,0.012902837246656418,3.753467559814453
-0.252186119556427, 0.49779564142227173, -0.44904643297195435, -0.11938650906085968, -0.19684141874313354, 0.7792391180992126, 0.03999999910593033, 0.03999999910593033, -0.04672764614224434, 0.08906145393848419, -0.11264683306217194, 0.06905009597539902, -0.02996896207332611, 0.04001622274518013, -0.02886955440044403, 0.058418843895196915, -0.07458651810884476, 0.04093250632286072, -0.021949276328086853, 0.03435733914375305, 0.10000000149011612, 0.7672979235649109, -0.006380042061209679, 0.2549000084400177, 0.05971299856901169, 0.6039215922355652, 0.03089512139558792, 0.4807049036026001, 0.7158162593841553, 0.6969650983810425, -0.04271379113197327, 0.004715679679065943, 0.7478200197219849, -0.1724800020456314, 0.25494998693466187,-0.01417546160519123,0.02504463493824005,-0.03440301492810249,0.021190904080867767,-0.007934849709272385,0.010070957243442535,3.7693979740142822
-0.25689107179641724, 0.5063524842262268, -0.46021825075149536, -0.11251182854175568, -0.1996580958366394, 0.7830646634101868, 0.03999999910593033, 0.03999999910593033, -0.043961960822343826, 0.08192481845617294, -0.11154621094465256, 0.07144104689359665, -0.025193488225340843, 0.03139709308743477, -0.028768818825483322, 0.053734831511974335, -0.07128715515136719, 0.04197636991739273, -0.01829596608877182, 0.025805674493312836, 0.10000000149011612, 0.7674382328987122, -0.006468713749200106, 0.2549000084400177, 0.05971299856901169, 0.607319176197052, 0.027905063703656197, 0.481157511472702, 0.7142705321311951, 0.6986114978790283, -0.041861921548843384, 0.0026690252125263214, 0.7478200197219849, -0.1724800020456314, 0.25494998693466187,-0.014087794348597527,0.023618092760443687,-0.03329549357295036,0.021746598184108734,-0.0064883753657341,0.006896615028381348,3.7712342739105225
-0.26147395372390747, 0.5141821503639221, -0.4710748791694641, -0.10574539005756378, -0.20203465223312378, 0.7858496308326721, 0.03999999910593033, 0.03999999910593033, -0.04730428382754326, 0.07612549513578415, -0.1104404628276825, 0.07264640182256699, -0.022003352642059326, 0.02401113323867321, -0.02835092321038246, 0.0500892698764801, -0.06880602985620499, 0.042381808161735535, -0.01586969941854477, 0.02014191448688507, 0.10000000149011612, 0.7674112319946289, -0.006506187375634909, 0.2549000084400177, 0.05971299856901169, 0.6104015707969666, 0.02492024563252926, 0.4817390441894531, 0.7130618095397949, 0.6998844742774963, -0.04128265380859375, 0.0005840836674906313, 0.7478200197219849, -0.1724800020456314, 0.25494998693466187,-0.013876663520932198,0.02222396433353424,-0.03228073939681053,0.022154957056045532,-0.005878977477550507,0.004468314349651337,3.7805252075195312
-0.2659948468208313, 0.5217276215553284, -0.4820616841316223, -0.0985298901796341, -0.20401138067245483, 0.7878369688987732, 0.03999999910593033, 0.03999999910593033, -0.04430358111858368, 0.06942076981067657, -0.09952014684677124, 0.07000192999839783, -0.019437434151768684, 0.015415218658745289, -0.028175588697195053, 0.047236185520887375, -0.06659098714590073, 0.04349319636821747, -0.0129767507314682, 0.013793230056762695, 0.10000000149011612, 0.7673910856246948, -0.006448147352784872, 0.2549000084400177, 0.05971299856901169, 0.6134001612663269, 0.021815303713083267, 0.4825916290283203, 0.7121454477310181, 0.7008368968963623, -0.0409158430993557, -0.0015644712839275599, 0.7478200197219849, -0.1724800020456314, 0.25494998693466187,-0.01346316747367382,0.020305408164858818,-0.0306951142847538,0.021534889936447144,-0.0047545768320560455,0.002885080873966217,3.76863956451416
-0.27036553621292114, 0.5285044312477112, -0.4917758107185364, -0.09157295525074005, -0.2058088183403015, 0.7889625430107117, 0.03999999910593033, 0.03999999910593033, -0.04358744993805885, 0.06667814403772354, -0.10537434369325638, 0.0704713836312294, -0.016126926988363266, 0.00968441367149353, -0.027753327041864395, 0.04444792866706848, -0.06456147879362106, 0.044309914112091064, -0.011757954955101013, 0.008936628699302673, 0.10000000149011612, 0.7641429305076599, -0.007793264463543892, 0.2549000084400177, 0.05971299856901169, 0.6159422993659973, 0.01892147585749626, 0.48309051990509033, 0.7114797830581665, 0.7015325427055359, -0.0404207706451416, -0.0038370457477867603, 0.7478200197219849, -0.1724800020456314, 0.25494998693466187,-0.013233587145805359,0.019370902329683304,-0.030019063502550125,0.022074956446886063,-0.0042318180203437805,0.0015222057700157166,3.7652134895324707
-0.2747367024421692, 0.5351782441139221, -0.5020092129707336, -0.08438463509082794, -0.20728248357772827, 0.7896845936775208, 0.03999999910593033, 0.03999999910593033, -0.043933968991041183, 0.06546761095523834, -0.10075484216213226, 0.07326962798833847, -0.014286196790635586, 0.005258013494312763, -0.02692633494734764, 0.040610816329717636, -0.0613902285695076, 0.04306977987289429, -0.009509153664112091, 0.005770161747932434, 0.10000000149011612, 0.7640344500541687, -0.007612763438373804, 0.2549000084400177, 0.05971299856901169, 0.6185153126716614, 0.015811176970601082, 0.48384523391723633, 0.7109823822975159, 0.7020326852798462, -0.04020059108734131, -0.006168244406580925, 0.7478200197219849, -0.1724800020456314, 0.25494998693466187,-0.012862412258982658,0.017987970262765884,-0.029114127159118652,0.021330486983060837,-0.003965370357036591,-0.0003899484872817993,3.786876916885376
-0.27903395891189575, 0.5413714051246643, -0.5118191838264465, -0.07725031673908234, -0.20858782529830933, 0.7900200486183167, 0.03999999910593033, 0.03999999910593033, -0.04201348125934601, 0.05864069610834122, -0.09144418686628342, 0.06851287186145782, -0.012818886898458004, 0.0003972987469751388, -0.026467174291610718, 0.03874180465936661, -0.06003812700510025, 0.044149912893772125, -0.008463636040687561, 0.003044411540031433, 0.10000000149011612, 0.7627763152122498, -0.008371565490961075, 0.2549000084400177, 0.05971299856901169, 0.6208664178848267, 0.012831694446504116, 0.4847352206707001, 0.7106289267539978, 0.7023743391036987, -0.04007790610194206, -0.008400551974773407, 0.7478200197219849, -0.1724800020456314, 0.25494998693466187,-0.012272333726286888,0.016288243234157562,-0.02763468027114868,0.0206303708255291,-0.00348784402012825,-0.0009816735982894897,3.7597362995147705
-0.28299885988235474, 0.5468741059303284, -0.5205863118171692, -0.0705757886171341, -0.20975524187088013, 0.7897902131080627, 0.03999999910593033, 0.03999999910593033, -0.04070092365145683, 0.051766302436590195, -0.0920317992568016, 0.06691618263721466, -0.011454060673713684, -0.004654731135815382, -0.025724824517965317, 0.03597594052553177, -0.058228254318237305, 0.042660973966121674, -0.007930740714073181, -0.0007798969745635986, 0.10000000149011612, 0.762877345085144, -0.008370169438421726, 0.2549000084400177, 0.05971299856901169, 0.6229261755943298, 0.010025250725448132, 0.4853385090827942, 0.7104254961013794, 0.7025613188743591, -0.0398782379925251, -0.010624013841152191, 0.7478200197219849, -0.1724800020456314, 0.25494998693466187,-0.011811191216111183,0.015575870871543884,-0.026723366230726242,0.020869974046945572,-0.0030673742294311523,-0.001845531165599823,3.724954843521118
-0.2870972752571106, 0.5521579384803772, -0.5296185612678528, -0.06369979679584503, -0.21095257997512817, 0.789320170879364, 0.03999999910593033, 0.03999999910593033, -0.040728624910116196, 0.05209092050790787, -0.09442463517189026, 0.06862223148345947, -0.010201008059084415, -0.0063409809954464436, -0.024544667452573776, 0.032576486468315125, -0.05526936054229736, 0.0412607416510582, -0.0069756880402565, -0.0019633471965789795, 0.10000000149011612, 0.7628743052482605, -0.00825688149780035, 0.2549000084400177, 0.05971299856901169, 0.6249101758003235, 0.007185107562690973, 0.4862542152404785, 0.7103240489959717, 0.7026308178901672, -0.03983985632658005, -0.01274687610566616, 0.7478200197219849, -0.1724800020456314, 0.25494998693466187,-0.011405142024159431,0.015151510946452618,-0.026319283992052078,0.020601574331521988,-0.003290075808763504,-0.0034631453454494476,3.7395975589752197
-0.29093819856643677, 0.5572410225868225, -0.5386036038398743, -0.05685706436634064, -0.2119329571723938, 0.7885510325431824, 0.03999999910593033, 0.03999999910593033, -0.03804155811667442, 0.05048580840229988, -0.08216793835163116, 0.06913729012012482, -0.010980896651744843, -0.011234859004616737, -0.023622382432222366, 0.03115174174308777, -0.053446732461452484, 0.041739948093891144, -0.006134748458862305, -0.003691062331199646, 0.10000000149011612, 0.7627092599868774, -0.008277843706309795, 0.2549000084400177, 0.05971299856901169, 0.6267625689506531, 0.004433154594153166, 0.4872160255908966, 0.710350513458252, 0.7025637626647949, -0.039820026606321335, -0.014854135923087597, 0.7478200197219849, -0.1724800020456314, 0.25494998693466187,-0.010713018476963043,0.013617690652608871,-0.025165285915136337,0.018807925283908844,-0.003295455127954483,-0.0038041770458221436,3.741499662399292
-0.2946212887763977, 0.561953604221344, -0.5470378994941711, -0.05026121437549591, -0.21305471658706665, 0.7873602509498596, 0.03999999910593033, 0.03999999910593033, -0.032086748629808426, 0.04413486272096634, -0.07794298976659775, 0.06346075236797333, -0.010694257915019989, -0.012163200415670872, -0.022810284048318863, 0.030303021892905235, -0.052638567984104156, 0.041203148663043976, -0.006580151617527008, -0.006926290690898895, 0.10000000149011612, 0.7626257538795471, -0.00816549826413393, 0.2549000084400177, 0.05971299856901169, 0.6285043954849243, 0.0018511596135795116, 0.48818710446357727, 0.7105322480201721, 0.7023376226425171, -0.039808645844459534, -0.016764357686042786, 0.7478200197219849, -0.1724800020456314, 0.25494998693466187,-0.009947115555405617,0.01302664540708065,-0.024177782237529755,0.018447231501340866,-0.0028875619173049927,-0.0035576336085796356,3.689633369445801
-0.2978370785713196, 0.5661807656288147, -0.554638683795929, -0.04442305862903595, -0.2140321135520935, 0.7861410975456238, 0.03999999910593033, 0.03999999910593033, -0.03188851848244667, 0.042742323130369186, -0.08247654139995575, 0.0614035502076149, -0.010484414175152779, -0.011478818021714687, -0.021426036953926086, 0.027235381305217743, -0.050330571830272675, 0.03761585056781769, -0.006590910255908966, -0.007608354091644287, 0.10000000149011612, 0.7633644938468933, -0.007854449562728405, 0.2549000084400177, 0.05971299856901169, 0.6300605535507202, -0.00039873726200312376, 0.4890081286430359, 0.7107462882995605, 0.7020847797393799, -0.03970784321427345, -0.018436435610055923, 0.7478200197219849, -0.1724800020456314, 0.25494998693466187,-0.009552255272865295,0.013053682632744312,-0.02392745018005371,0.018686458468437195,-0.0029262863099575043,-0.00448472797870636,3.686622142791748
